"Date","Price","Open","High","Low","Vol.","Change %"
"03/09/2023","32,254.86","32,876.83","32,990.46","32,190.60","318.64M","-1.66%"
"03/08/2023","32,798.40","32,872.08","32,903.44","32,612.70","242.76M","-0.18%"
"03/07/2023","32,856.46","33,428.31","33,453.25","32,838.21","301.59M","-1.72%"
"03/06/2023","33,431.44","33,425.32","33,572.22","33,383.47","329.82M","0.12%"
"03/03/2023","33,390.97","33,076.33","33,405.82","33,008.41","302.95M","1.17%"
"03/02/2023","33,003.57","32,780.97","33,083.45","32,665.85","319.32M","1.05%"
"03/01/2023","32,661.84","32,656.37","32,746.15","32,500.71","296.34M","0.02%"
"02/28/2023","32,656.70","32,873.47","32,873.47","32,636.43","308.69M","-0.71%"
"02/27/2023","32,889.09","32,906.16","33,189.28","32,814.18","246.23M","0.22%"
"02/24/2023","32,816.92","32,999.19","32,999.19","32,643.48","277.12M","-1.02%"
"02/23/2023","33,153.91","33,175.39","33,272.40","32,795.67","288.13M","0.33%"
"02/22/2023","33,045.09","33,169.33","33,245.97","32,948.27","325.33M","-0.26%"
"02/21/2023","33,129.59","33,699.69","33,699.69","33,115.74","348.32M","-2.06%"
"02/17/2023","33,826.69","33,677.01","33,846.64","33,517.73","303.77M","0.39%"
"02/16/2023","33,696.85","33,992.09","34,041.16","33,686.59","317.54M","-1.26%"
"02/15/2023","34,128.05","34,008.63","34,130.49","33,833.10","269.85M","0.11%"
"02/14/2023","34,089.27","34,194.09","34,331.47","33,827.45","291.75M","-0.46%"
"02/13/2023","34,245.93","33,887.39","34,249.60","33,887.39","303.58M","1.11%"
"02/10/2023","33,869.27","33,671.54","33,897.31","33,591.99","289.72M","0.50%"
"02/09/2023","33,699.88","34,105.61","34,252.57","33,607.13","347.53M","-0.73%"
"02/08/2023","33,949.01","34,132.90","34,161.65","33,899.79","324.09M","-0.61%"
"02/07/2023","34,156.69","33,769.78","34,240.00","33,634.10","361.63M","0.78%"
"02/06/2023","33,891.02","33,874.44","33,962.84","33,683.58","296.40M","-0.10%"
"02/03/2023","33,926.01","33,926.30","34,179.58","33,813.86","425.15M","-0.38%"
"02/02/2023","34,053.94","34,129.30","34,145.14","33,814.78","442.57M","-0.11%"
"02/01/2023","34,092.96","34,039.60","34,334.70","33,581.42","370.13M","0.02%"
"01/31/2023","34,086.04","33,803.56","34,095.23","33,664.91","360.25M","1.09%"
"01/30/2023","33,717.09","33,909.21","34,055.29","33,695.18","346.04M","-0.77%"
"01/27/2023","33,978.08","33,952.93","34,164.33","33,830.85","444.13M","0.08%"
"01/26/2023","33,949.41","33,771.66","33,953.79","33,635.60","333.74M","0.61%"
"01/25/2023","33,743.84","33,538.36","33,773.09","33,273.21","344.39M","0.03%"
"01/24/2023","33,733.96","33,444.72","33,782.92","33,310.56","305.71M","0.31%"
"01/23/2023","33,629.56","33,439.56","33,782.88","33,316.25","357.54M","0.76%"
"01/20/2023","33,375.49","33,073.46","33,381.95","32,948.93","369.42M","1.00%"
"01/19/2023","33,044.56","33,171.35","33,227.49","32,982.05","321.33M","-0.76%"
"01/18/2023","33,296.96","33,948.49","34,016.53","33,269.90","354.57M","-1.81%"
"01/17/2023","33,910.85","34,222.32","34,269.97","33,860.67","355.39M","-1.14%"
"01/13/2023","34,302.61","34,075.31","34,342.32","33,915.49","274.12M","0.33%"
"01/12/2023","34,189.97","34,047.86","34,292.67","33,792.10","308.20M","0.64%"
"01/11/2023","33,973.01","33,754.03","33,974.69","33,711.04","301.65M","0.80%"
"01/10/2023","33,704.10","33,516.43","33,726.54","33,421.80","269.50M","0.56%"
"01/09/2023","33,517.65","33,664.39","33,935.11","33,487.66","327.85M","-0.34%"
"01/06/2023","33,630.61","33,055.30","33,710.66","32,997.39","365.50M","2.13%"
"01/05/2023","32,930.08","33,191.72","33,191.72","32,812.33","342.67M","-1.02%"
"01/04/2023","33,269.77","33,165.14","33,409.10","33,033.48","383.35M","0.40%"
"01/03/2023","33,136.37","33,148.90","33,387.52","32,850.57","358.61M","-0.03%"
"12/30/2022","33,147.25","33,121.61","33,152.55","32,847.82","296.19M","-0.22%"
"12/29/2022","33,220.80","33,021.43","33,293.42","33,020.35","245.84M","1.05%"
"12/28/2022","32,875.71","33,264.76","33,379.55","32,869.15","254.30M","-1.10%"
"12/27/2022","33,241.56","33,224.23","33,387.72","33,069.58","246.01M","0.11%"
"12/23/2022","33,203.93","32,961.06","33,226.14","32,814.02","221.05M","0.53%"
"12/22/2022","33,027.49","33,233.35","33,233.35","32,573.43","342.11M","-1.05%"
"12/21/2022","33,376.48","33,028.09","33,437.84","33,028.09","328.02M","1.60%"
"12/20/2022","32,849.74","32,735.24","32,992.23","32,649.45","303.98M","0.28%"
"12/19/2022","32,757.54","32,921.45","33,038.94","32,581.97","330.04M","-0.49%"
"12/16/2022","32,920.46","33,166.46","33,166.46","32,654.59","788.12M","-0.85%"
"12/15/2022","33,202.22","33,773.00","33,773.00","33,016.16","394.30M","-2.25%"
"12/14/2022","33,966.35","34,086.07","34,395.65","33,704.17","344.32M","-0.42%"
"12/13/2022","34,108.64","34,268.44","34,712.28","33,890.88","443.98M","0.30%"
"12/12/2022","34,005.04","33,519.50","34,005.04","33,519.50","321.12M","1.58%"
"12/09/2022","33,476.46","33,746.71","33,844.63","33,462.65","292.62M","-0.90%"
"12/08/2022","33,781.48","33,695.97","33,899.17","33,642.46","272.73M","0.55%"
"12/07/2022","33,597.92","33,556.40","33,774.27","33,503.67","295.40M","0.00%"
"12/06/2022","33,596.34","33,936.87","34,006.63","33,418.59","307.79M","-1.03%"
"12/05/2022","33,947.10","34,335.73","34,335.73","33,846.81","315.96M","-1.40%"
"12/02/2022","34,429.88","34,265.45","34,483.21","34,039.73","291.06M","0.10%"
"12/01/2022","34,395.01","34,533.59","34,595.51","34,129.35","349.58M","-0.56%"
"11/30/2022","34,589.77","33,795.43","34,589.77","33,583.77","552.49M","2.18%"
"11/29/2022","33,852.53","33,847.80","33,933.91","33,662.45","282.17M","0.01%"
"11/28/2022","33,849.46","34,275.91","34,303.88","33,799.35","303.02M","-1.45%"
"11/25/2022","34,347.03","34,213.04","34,386.51","34,199.57","131.93M","0.45%"
"11/23/2022","34,194.06","34,091.57","34,262.07","34,004.64","236.82M","0.28%"
"11/22/2022","34,098.10","33,810.05","34,115.70","33,810.05","279.60M","1.18%"
"11/21/2022","33,700.28","33,760.30","33,864.59","33,559.18","352.96M","-0.13%"
"11/18/2022","33,745.69","33,606.59","33,827.94","33,540.64","314.53M","0.59%"
"11/17/2022","33,546.32","33,329.27","33,616.02","33,239.75","321.57M","-0.02%"
"11/16/2022","33,553.83","33,554.93","33,682.83","33,516.99","305.54M","-0.12%"
"11/15/2022","33,592.92","33,755.94","33,987.06","33,320.20","391.84M","0.17%"
"11/14/2022","33,536.70","33,662.05","33,964.30","33,533.96","360.59M","-0.63%"
"11/11/2022","33,747.86","33,797.75","33,817.96","33,394.43","430.72M","0.10%"
"11/10/2022","33,715.37","33,263.91","33,727.73","33,167.82","488.26M","3.70%"
"11/09/2022","32,513.94","33,004.47","33,065.11","32,478.87","360.82M","-1.95%"
"11/08/2022","33,160.83","32,934.56","33,355.39","32,831.46","342.88M","1.02%"
"11/07/2022","32,827.00","32,454.10","32,895.59","32,424.99","341.10M","1.31%"
"11/04/2022","32,403.22","32,265.01","32,611.52","31,938.92","425.48M","1.26%"
"11/03/2022","32,001.25","31,985.05","32,185.71","31,727.05","357.27M","-0.46%"
"11/02/2022","32,147.76","32,576.28","33,071.93","32,139.77","399.65M","-1.55%"
"11/01/2022","32,653.20","32,862.79","32,975.48","32,485.23","325.57M","-0.24%"
"10/31/2022","32,732.95","32,754.27","32,883.86","32,586.93","394.10M","-0.39%"
"10/28/2022","32,861.80","32,204.31","32,889.81","32,158.38","499.42M","2.59%"
"10/27/2022","32,033.28","32,062.14","32,388.42","31,993.21","392.53M","0.61%"
"10/26/2022","31,839.11","31,738.44","32,172.42","31,738.44","430.40M","0.01%"
"10/25/2022","31,836.74","31,463.65","31,876.15","31,423.53","342.09M","1.07%"
"10/24/2022","31,499.62","31,187.32","31,603.63","31,161.41","345.04M","1.34%"
"10/21/2022","31,082.56","30,291.18","31,119.27","30,206.28","418.19M","2.47%"
"10/20/2022","30,333.59","30,411.92","30,822.96","30,265.20","333.19M","-0.30%"
"10/19/2022","30,423.81","30,439.04","30,662.11","30,226.90","315.54M","-0.33%"
"10/18/2022","30,523.80","30,697.52","30,837.90","30,301.83","390.76M","1.12%"
"10/17/2022","30,185.82","30,059.58","30,311.95","29,997.62","374.23M","1.86%"
"10/14/2022","29,634.83","30,192.21","30,428.82","29,614.30","380.98M","-1.34%"
"10/13/2022","30,038.72","28,755.83","30,168.54","28,660.94","472.67M","2.83%"
"10/12/2022","29,210.85","29,233.06","29,455.12","29,136.03","306.53M","-0.10%"
"10/11/2022","29,239.19","29,085.20","29,608.42","29,074.23","358.47M","0.12%"
"10/10/2022","29,202.88","29,419.09","29,485.82","29,010.41","318.47M","-0.32%"
"10/07/2022","29,296.79","29,685.27","29,685.27","29,142.66","370.38M","-2.11%"
"10/06/2022","29,926.94","30,206.13","30,329.61","29,859.34","308.95M","-1.15%"
"10/05/2022","30,273.87","30,078.36","30,454.46","29,886.44","292.04M","-0.14%"
"10/04/2022","30,316.32","29,826.67","30,325.05","29,826.67","379.03M","2.80%"
"10/03/2022","29,490.89","28,855.25","29,647.79","28,855.25","397.83M","2.66%"
"09/30/2022","28,725.51","29,123.03","29,355.78","28,715.85","466.86M","-1.71%"
"09/29/2022","29,225.61","29,513.73","29,513.73","28,997.34","392.42M","-1.54%"
"09/28/2022","29,683.74","29,198.92","29,811.78","29,114.97","439.14M","1.88%"
"09/27/2022","29,134.99","29,419.88","29,659.12","28,958.22","356.59M","-0.43%"
"09/26/2022","29,260.81","29,536.84","29,630.77","29,161.12","374.49M","-1.11%"
"09/23/2022","29,590.41","29,955.65","29,955.65","29,250.47","389.45M","-1.62%"
"09/22/2022","30,076.68","30,204.52","30,302.28","29,994.53","335.27M","-0.35%"
"09/21/2022","30,183.78","30,819.39","31,020.79","30,181.99","354.96M","-1.70%"
"09/20/2022","30,706.23","30,888.53","30,888.53","30,465.91","320.69M","-1.01%"
"09/19/2022","31,019.68","30,722.86","31,026.89","30,559.37","296.57M","0.64%"
"09/16/2022","30,822.42","30,866.61","30,866.61","30,550.08","627.92M","-0.45%"
"09/15/2022","30,961.82","31,124.68","31,277.69","30,882.08","349.09M","-0.56%"
"09/14/2022","31,135.09","31,141.02","31,276.82","30,885.02","353.88M","0.10%"
"09/13/2022","31,104.97","32,006.50","32,006.50","31,018.54","433.80M","-3.94%"
"09/12/2022","32,381.34","32,159.49","32,504.04","32,159.49","343.96M","0.71%"
"09/09/2022","32,151.71","31,876.22","32,227.74","31,876.22","312.40M","1.19%"
"09/08/2022","31,774.52","31,481.95","31,783.37","31,321.50","344.34M","0.61%"
"09/07/2022","31,581.28","31,145.63","31,644.34","31,095.21","355.10M","1.40%"
"09/06/2022","31,145.30","31,343.79","31,463.89","31,048.46","348.98M","-0.55%"
"09/02/2022","31,318.44","31,848.50","32,026.90","31,182.09","306.18M","-1.07%"
"09/01/2022","31,656.42","31,454.58","31,677.51","31,219.75","339.36M","0.46%"
"08/31/2022","31,510.43","31,827.15","31,966.04","31,509.59","392.78M","-0.88%"
"08/30/2022","31,790.87","32,163.84","32,205.66","31,647.22","328.64M","-0.96%"
"08/29/2022","32,098.99","32,188.00","32,325.16","31,972.79","320.09M","-0.57%"
"08/26/2022","32,283.40","33,293.43","33,364.70","32,278.22","352.85M","-3.03%"
"08/25/2022","33,291.78","33,029.27","33,306.09","32,889.85","308.53M","0.98%"
"08/24/2022","32,969.23","32,899.01","33,095.50","32,828.56","258.94M","0.18%"
"08/23/2022","32,909.59","33,033.52","33,138.26","32,858.89","254.46M","-0.47%"
"08/22/2022","33,063.61","33,586.59","33,586.59","33,007.63","308.90M","-1.91%"
"08/19/2022","33,706.74","33,904.69","33,904.69","33,627.09","298.43M","-0.86%"
"08/18/2022","33,999.04","33,981.86","34,043.83","33,844.46","284.14M","0.06%"
"08/17/2022","33,980.32","34,029.55","34,161.01","33,828.41","285.73M","-0.50%"
"08/16/2022","34,152.01","33,924.35","34,281.36","33,852.57","291.75M","0.71%"
"08/15/2022","33,912.44","33,710.70","33,954.71","33,582.96","263.72M","0.45%"
"08/12/2022","33,761.05","33,430.72","33,767.09","33,398.32","299.14M","1.27%"
"08/11/2022","33,336.67","33,451.51","33,651.80","33,289.83","309.72M","0.08%"
"08/10/2022","33,309.51","33,130.63","33,364.41","33,130.63","317.91M","1.63%"
"08/09/2022","32,774.41","32,807.36","32,877.53","32,702.66","283.45M","-0.18%"
"08/08/2022","32,832.54","32,877.36","33,109.96","32,769.10","279.11M","0.09%"
"08/05/2022","32,803.47","32,593.90","32,814.61","32,489.62","276.17M","0.23%"
"08/04/2022","32,726.82","32,805.69","32,829.22","32,652.63","318.77M","-0.26%"
"08/03/2022","32,812.50","32,514.21","32,912.74","32,514.21","344.30M","1.29%"
"08/02/2022","32,396.17","32,691.29","32,772.93","32,387.12","320.39M","-1.23%"
"08/01/2022","32,798.40","32,755.71","32,972.03","32,640.79","325.50M","-0.14%"
"07/29/2022","32,845.13","32,515.62","32,910.18","32,493.02","490.27M","0.97%"
"07/28/2022","32,529.63","32,197.62","32,609.54","31,982.61","350.63M","1.03%"
"07/27/2022","32,197.59","31,865.05","32,336.23","31,799.43","367.62M","1.37%"
"07/26/2022","31,761.54","31,950.04","31,950.04","31,705.36","330.70M","-0.71%"
"07/25/2022","31,990.04","31,950.93","32,029.03","31,821.67","264.61M","0.28%"
"07/22/2022","31,899.29","32,167.92","32,219.25","31,731.47","320.97M","-0.43%"
"07/21/2022","32,036.90","31,826.49","32,040.63","31,534.08","304.09M","0.51%"
"07/20/2022","31,874.84","31,829.99","31,944.45","31,646.95","319.14M","0.15%"
"07/19/2022","31,827.05","31,165.91","31,842.25","31,165.91","379.95M","2.43%"
"07/18/2022","31,072.61","31,475.98","31,644.68","30,982.97","309.96M","-0.69%"
"07/15/2022","31,288.26","30,775.37","31,288.26","30,775.37","337.39M","2.15%"
"07/14/2022","30,630.17","30,451.80","30,680.12","30,143.93","327.45M","-0.46%"
"07/13/2022","30,772.79","30,743.63","30,979.17","30,514.61","293.83M","-0.67%"
"07/12/2022","30,981.33","31,113.31","31,346.10","30,860.51","325.91M","-0.62%"
"07/11/2022","31,173.84","31,277.98","31,367.55","31,114.40","249.43M","-0.52%"
"07/08/2022","31,338.15","31,348.43","31,511.46","31,212.45","241.13M","-0.15%"
"07/07/2022","31,384.55","31,190.65","31,421.84","31,154.64","296.62M","1.12%"
"07/06/2022","31,037.68","30,957.30","31,224.69","30,794.84","292.71M","0.23%"
"07/05/2022","30,967.82","30,903.12","30,971.74","30,355.12","328.20M","-0.42%"
"07/01/2022","31,097.26","30,737.77","31,139.35","30,487.79","313.35M","1.05%"
"06/30/2022","30,775.43","30,790.00","30,979.85","30,431.87","397.27M","-0.82%"
"06/29/2022","31,029.31","31,067.41","31,152.96","30,894.53","273.97M","0.27%"
"06/28/2022","30,946.99","31,549.05","31,885.09","30,934.33","353.77M","-1.56%"
"06/27/2022","31,438.26","31,533.60","31,598.59","31,351.37","313.93M","-0.20%"
"06/24/2022","31,500.68","30,846.94","31,517.29","30,846.94","470.38M","2.68%"
"06/23/2022","30,677.36","30,570.33","30,715.63","30,293.40","362.91M","0.64%"
"06/22/2022","30,483.13","30,352.57","30,777.92","30,166.01","345.82M","-0.15%"
"06/21/2022","30,530.25","30,074.69","30,653.98","30,074.69","379.35M","2.15%"
"06/17/2022","29,888.78","29,912.70","30,167.52","29,653.29","692.83M","-0.13%"
"06/16/2022","29,927.07","30,305.74","30,305.74","29,740.35","444.89M","-2.42%"
"06/15/2022","30,668.53","30,570.50","31,011.97","30,185.08","394.57M","1.00%"
"06/14/2022","30,364.83","30,592.34","30,690.80","30,144.23","368.80M","-0.50%"
"06/13/2022","30,516.74","31,144.91","31,144.91","30,373.72","480.50M","-2.79%"
"06/10/2022","31,392.79","32,053.52","32,053.52","31,387.84","364.81M","-2.73%"
"06/09/2022","32,272.79","32,828.62","32,956.73","32,267.78","289.71M","-1.94%"
"06/08/2022","32,910.90","33,087.07","33,156.50","32,824.37","273.29M","-0.81%"
"06/07/2022","33,180.14","32,783.03","33,207.45","32,641.85","278.20M","0.80%"
"06/06/2022","32,915.78","33,032.04","33,235.37","32,819.50","258.40M","0.05%"
"06/03/2022","32,899.70","32,986.32","33,135.61","32,839.21","298.57M","-1.05%"
"06/02/2022","33,248.28","32,809.01","33,248.61","32,509.43","331.19M","1.33%"
"06/01/2022","32,813.23","33,156.31","33,272.34","32,584.76","338.21M","-0.54%"
"05/31/2022","32,990.12","33,160.59","33,240.22","32,752.34","549.81M","-0.67%"
"05/27/2022","33,212.96","32,735.09","33,213.62","32,682.01","331.19M","1.76%"
"05/26/2022","32,637.19","32,248.17","32,774.14","32,248.17","352.82M","1.61%"
"05/25/2022","32,120.28","31,816.31","32,254.44","31,754.33","348.46M","0.60%"
"05/24/2022","31,928.62","31,717.61","32,014.86","31,365.59","382.95M","0.15%"
"05/23/2022","31,880.24","31,395.89","31,968.42","31,395.89","405.83M","1.98%"
"05/20/2022","31,261.90","31,426.94","31,515.78","30,635.76","498.89M","0.03%"
"05/19/2022","31,253.13","31,262.62","31,569.13","31,016.41","517.19M","-0.75%"
"05/18/2022","31,490.07","32,468.67","32,468.67","31,393.95","465.06M","-3.57%"
"05/17/2022","32,654.59","32,427.00","32,689.14","32,308.15","389.31M","1.34%"
"05/16/2022","32,223.42","32,152.15","32,514.02","31,928.18","332.70M","0.08%"
"05/13/2022","32,196.66","31,963.86","32,276.05","31,862.79","388.52M","1.47%"
"05/12/2022","31,730.30","31,699.04","31,914.46","31,228.22","544.24M","-0.33%"
"05/11/2022","31,834.11","32,123.24","32,584.02","31,798.86","458.46M","-1.02%"
"05/10/2022","32,160.74","32,504.09","32,752.17","31,887.89","440.67M","-0.26%"
"05/09/2022","32,245.70","32,685.17","32,685.17","32,121.98","475.11M","-1.99%"
"05/06/2022","32,899.37","32,773.88","33,055.84","32,474.69","418.14M","-0.30%"
"05/05/2022","32,997.97","33,854.17","33,854.17","32,685.10","448.42M","-3.12%"
"05/04/2022","34,061.06","33,171.80","34,117.74","33,021.84","412.37M","2.81%"
"05/03/2022","33,128.79","33,086.09","33,341.58","32,914.75","364.42M","0.20%"
"05/02/2022","33,061.50","32,978.49","33,224.95","32,449.87","453.39M","0.26%"
"04/29/2022","32,977.21","33,787.01","33,919.59","32,913.15","501.56M","-2.77%"
"04/28/2022","33,916.39","33,425.96","34,054.79","33,248.46","451.60M","1.85%"
"04/27/2022","33,301.93","33,450.92","33,697.18","33,108.89","456.29M","0.19%"
"04/26/2022","33,240.18","33,907.49","33,909.51","33,230.95","403.70M","-2.38%"
"04/25/2022","34,049.46","33,731.65","34,106.01","33,323.37","418.00M","0.70%"
"04/22/2022","33,811.40","34,727.38","34,727.38","33,773.39","373.28M","-2.82%"
"04/21/2022","34,792.76","35,258.80","35,492.22","34,723.82","371.92M","-1.05%"
"04/20/2022","35,160.79","34,962.67","35,315.40","34,962.67","338.74M","0.71%"
"04/19/2022","34,911.20","34,394.62","34,983.11","34,394.62","303.44M","1.45%"
"04/18/2022","34,411.69","34,411.49","34,618.29","34,279.08","268.82M","-0.11%"
"04/14/2022","34,451.23","34,628.46","34,889.17","34,437.50","353.68M","-0.33%"
"04/13/2022","34,564.59","34,166.64","34,598.36","34,140.64","313.63M","1.01%"
"04/12/2022","34,220.36","34,412.51","34,669.97","34,102.81","333.51M","-0.26%"
"04/11/2022","34,308.08","34,630.27","34,701.34","34,272.29","336.63M","-1.19%"
"04/08/2022","34,721.12","34,569.24","34,908.46","34,470.19","306.19M","0.40%"
"04/07/2022","34,583.57","34,439.24","34,705.83","34,190.95","324.81M","0.25%"
"04/06/2022","34,496.51","34,520.34","34,609.84","34,277.17","386.25M","-0.42%"
"04/05/2022","34,641.18","34,876.33","35,112.21","34,566.04","308.98M","-0.80%"
"04/04/2022","34,921.88","34,799.98","34,940.78","34,615.38","317.56M","0.30%"
"04/01/2022","34,818.27","34,740.89","34,847.91","34,538.25","346.81M","0.40%"
"03/31/2022","34,678.35","35,201.52","35,201.52","34,677.99","438.36M","-1.56%"
"03/30/2022","35,228.81","35,273.63","35,361.36","35,058.58","324.67M","-0.19%"
"03/29/2022","35,294.19","35,114.35","35,372.26","35,030.07","355.05M","0.97%"
"03/28/2022","34,955.89","34,833.03","34,957.93","34,552.23","302.86M","0.27%"
"03/25/2022","34,861.24","34,702.39","34,942.70","34,631.52","287.07M","0.44%"
"03/24/2022","34,707.94","34,406.81","34,713.56","34,355.42","324.87M","1.02%"
"03/23/2022","34,358.50","34,748.84","34,748.84","34,352.96","349.59M","-1.29%"
"03/22/2022","34,807.46","34,583.24","34,882.03","34,583.24","368.55M","0.74%"
"03/21/2022","34,552.99","34,669.85","34,808.28","34,341.81","408.49M","-0.58%"
"03/18/2022","34,754.93","34,466.72","34,755.20","34,279.83","627.89M","0.80%"
"03/17/2022","34,480.76","33,995.39","34,483.92","33,896.06","339.47M","1.23%"
"03/16/2022","34,063.10","33,653.93","34,075.94","33,391.24","430.18M","1.55%"
"03/15/2022","33,544.34","32,989.27","33,620.84","32,989.27","394.82M","1.82%"
"03/14/2022","32,945.24","33,000.37","33,395.59","32,818.16","401.15M","0.00%"
"03/11/2022","32,944.19","33,279.72","33,515.61","32,911.89","369.48M","-0.69%"
"03/10/2022","33,174.07","33,106.77","33,236.59","32,819.76","399.48M","-0.34%"
"03/09/2022","33,286.25","32,860.42","33,457.28","32,860.42","421.55M","2.00%"
"03/08/2022","32,632.64","32,885.17","33,402.98","32,578.73","553.75M","-0.56%"
"03/07/2022","32,817.38","33,579.75","33,579.75","32,806.15","493.67M","-2.37%"
"03/04/2022","33,614.80","33,655.43","33,655.43","33,254.12","412.93M","-0.53%"
"03/03/2022","33,794.66","33,972.87","34,179.07","33,641.53","369.87M","-0.29%"
"03/02/2022","33,891.35","33,379.51","34,013.67","33,379.51","402.81M","1.79%"
"03/01/2022","33,294.95","33,813.48","33,870.14","33,107.67","442.31M","-1.76%"
"02/28/2022","33,892.60","33,870.62","33,963.63","33,469.31","451.81M","-0.49%"
"02/25/2022","34,058.75","33,277.22","34,095.74","33,277.22","421.17M","2.51%"
"02/24/2022","33,223.83","32,830.33","33,269.34","32,272.64","593.19M","0.28%"
"02/23/2022","33,131.76","33,680.97","33,832.59","33,084.90","376.49M","-1.38%"
"02/22/2022","33,596.61","33,974.09","34,024.74","33,364.29","438.32M","-1.42%"
"02/18/2022","34,079.18","34,310.45","34,423.58","33,976.18","414.08M","-0.68%"
"02/17/2022","34,312.03","34,858.47","34,858.47","34,246.23","351.85M","-1.78%"
"02/16/2022","34,934.27","34,951.83","35,042.09","34,642.64","309.36M","-0.16%"
"02/15/2022","34,988.84","34,686.19","35,047.79","34,686.19","305.67M","1.22%"
"02/14/2022","34,566.17","34,694.50","34,744.56","34,304.28","373.41M","-0.49%"
"02/11/2022","34,738.06","35,267.89","35,431.15","34,620.52","410.40M","-1.43%"
"02/10/2022","35,241.59","35,630.81","35,800.24","35,100.72","416.71M","-1.47%"
"02/09/2022","35,768.06","35,614.90","35,824.28","35,614.90","339.61M","0.86%"
"02/08/2022","35,462.78","35,160.68","35,544.89","35,090.42","333.94M","1.06%"
"02/07/2022","35,091.13","35,108.38","35,325.01","34,993.98","328.91M","0.00%"
"02/04/2022","35,089.74","35,095.74","35,333.55","34,799.08","349.88M","-0.06%"
"02/03/2022","35,111.16","35,520.08","35,535.94","35,071.06","390.18M","-1.45%"
"02/02/2022","35,629.33","35,378.19","35,679.20","35,290.12","364.06M","0.63%"
"02/01/2022","35,405.24","35,151.47","35,441.09","34,977.95","394.90M","0.78%"
"01/31/2022","35,131.86","34,691.17","35,148.14","34,496.10","474.44M","1.17%"
"01/28/2022","34,725.47","34,135.24","34,731.77","33,807.51","568.44M","1.65%"
"01/27/2022","34,160.78","34,261.75","34,773.32","34,007.78","527.78M","-0.02%"
"01/26/2022","34,168.09","34,520.82","34,815.67","33,876.48","549.31M","-0.38%"
"01/25/2022","34,297.73","34,186.64","34,591.04","33,545.52","522.19M","-0.19%"
"01/24/2022","34,364.50","34,070.61","34,420.99","33,150.33","678.12M","0.29%"
"01/21/2022","34,265.37","34,701.69","34,896.67","34,229.55","523.88M","-1.30%"
"01/20/2022","34,715.39","35,102.66","35,490.20","34,670.12","369.07M","-0.89%"
"01/19/2022","35,028.65","35,412.30","35,547.83","35,015.49","393.08M","-0.96%"
"01/18/2022","35,368.47","35,661.76","35,661.76","35,262.02","427.26M","-1.51%"
"01/14/2022","35,911.81","35,996.43","35,996.43","35,641.49","396.47M","-0.56%"
"01/13/2022","36,113.62","36,312.49","36,513.88","36,044.22","349.74M","-0.49%"
"01/12/2022","36,290.32","36,336.16","36,453.49","36,168.15","317.86M","0.11%"
"01/11/2022","36,252.02","36,058.85","36,271.47","35,769.38","363.19M","0.51%"
"01/10/2022","36,068.87","36,175.21","36,175.21","35,639.91","440.30M","-0.45%"
"01/07/2022","36,231.66","36,249.59","36,382.84","36,111.53","361.42M","-0.01%"
"01/06/2022","36,236.47","36,409.05","36,464.19","36,200.68","390.19M","-0.47%"
"01/05/2022","36,407.11","36,722.60","36,952.65","36,400.39","468.46M","-1.07%"
"01/04/2022","36,799.65","36,636.00","36,934.84","36,636.00","435.08M","0.59%"
"01/03/2022","36,585.06","36,321.59","36,595.82","36,246.45","347.93M","0.68%"
"12/31/2021","36,338.30","36,385.85","36,484.94","36,303.97","218.21M","-0.16%"
"12/30/2021","36,398.08","36,522.48","36,679.44","36,372.13","207.64M","-0.25%"
"12/29/2021","36,488.63","36,421.14","36,571.55","36,396.19","214.40M","0.25%"
"12/28/2021","36,398.21","36,302.99","36,527.26","36,302.99","239.09M","0.26%"
"12/27/2021","36,302.38","35,954.48","36,306.61","35,954.48","250.26M","0.98%"
"12/23/2021","35,950.56","35,782.42","36,060.99","35,782.42","250.94M","0.55%"
"12/22/2021","35,753.89","35,491.71","35,764.67","35,433.13","290.73M","0.74%"
"12/21/2021","35,492.70","35,069.50","35,508.96","35,069.50","349.67M","1.60%"
"12/20/2021","34,932.16","35,222.12","35,222.12","34,665.50","388.89M","-1.23%"
"12/17/2021","35,365.44","35,800.11","35,800.11","35,284.26","760.83M","-1.48%"
"12/16/2021","35,897.64","36,036.28","36,189.83","35,778.21","482.77M","-0.08%"
"12/15/2021","35,927.43","35,549.35","35,943.84","35,389.30","432.38M","1.08%"
"12/14/2021","35,544.18","35,605.73","35,779.47","35,441.74","451.23M","-0.30%"
"12/13/2021","35,650.95","35,958.93","35,958.93","35,609.53","451.59M","-0.89%"
"12/10/2021","35,970.99","35,830.55","35,982.69","35,710.43","361.20M","0.60%"
"12/09/2021","35,754.69","35,722.26","35,864.24","35,577.14","353.02M","0.00%"
"12/08/2021","35,754.75","35,716.85","35,840.52","35,602.65","387.65M","0.10%"
"12/07/2021","35,719.43","35,423.99","35,819.47","35,423.99","482.89M","1.40%"
"12/06/2021","35,227.03","34,633.43","35,356.75","34,633.43","418.75M","1.87%"
"12/03/2021","34,580.08","34,692.78","34,801.31","34,264.57","444.85M","-0.17%"
"12/02/2021","34,639.79","34,076.25","34,759.65","34,076.25","470.58M","1.82%"
"12/01/2021","34,022.04","34,678.94","35,004.64","34,006.98","498.38M","-1.34%"
"11/30/2021","34,483.72","35,056.99","35,056.99","34,424.44","678.80M","-1.86%"
"11/29/2021","35,135.94","35,017.71","35,287.91","34,895.89","416.04M","0.68%"
"11/26/2021","34,899.34","35,366.69","35,366.69","34,749.80","325.39M","-2.53%"
"11/24/2021","35,804.38","35,752.31","35,825.47","35,591.03","287.94M","-0.03%"
"11/23/2021","35,813.80","35,619.92","35,841.52","35,542.87","392.52M","0.55%"
"11/22/2021","35,619.25","35,631.41","35,929.66","35,615.55","420.81M","0.05%"
"11/19/2021","35,601.98","35,879.09","35,879.09","35,555.37","414.65M","-0.75%"
"11/18/2021","35,870.95","35,901.69","35,952.63","35,654.39","435.08M","-0.17%"
"11/17/2021","35,931.05","36,159.70","36,159.70","35,909.48","358.31M","-0.58%"
"11/16/2021","36,142.22","36,076.18","36,316.61","36,076.18","311.90M","0.15%"
"11/15/2021","36,087.45","36,128.83","36,236.07","36,031.78","280.66M","-0.04%"
"11/12/2021","36,100.31","35,963.78","36,147.63","35,934.59","293.18M","0.50%"
"11/11/2021","35,921.23","36,038.78","36,108.17","35,915.27","270.32M","-0.44%"
"11/10/2021","36,079.94","36,299.25","36,346.61","36,009.50","283.52M","-0.66%"
"11/09/2021","36,319.98","36,404.53","36,416.98","36,173.07","258.02M","-0.31%"
"11/08/2021","36,432.22","36,416.46","36,565.73","36,334.42","288.40M","0.29%"
"11/05/2021","36,327.95","36,268.75","36,484.75","36,190.20","344.60M","0.56%"
"11/04/2021","36,124.23","36,107.46","36,168.03","35,986.48","309.99M","-0.09%"
"11/03/2021","36,157.58","36,059.09","36,178.51","35,891.73","262.54M","0.29%"
"11/02/2021","36,052.63","35,935.11","36,088.81","35,884.13","304.51M","0.39%"
"11/01/2021","35,913.84","35,833.65","36,009.74","35,797.97","295.48M","0.26%"
"10/29/2021","35,819.56","35,712.28","35,852.53","35,633.20","407.99M","0.25%"
"10/28/2021","35,730.48","35,545.41","35,742.25","35,545.41","348.43M","0.68%"
"10/27/2021","35,490.69","35,835.43","35,835.43","35,490.43","358.08M","-0.74%"
"10/26/2021","35,756.88","35,791.05","35,892.92","35,734.73","321.91M","0.04%"
"10/25/2021","35,741.15","35,692.62","35,787.04","35,629.37","270.41M","0.18%"
"10/22/2021","35,677.02","35,607.72","35,765.02","35,533.95","349.08M","0.21%"
"10/21/2021","35,603.08","35,520.32","35,612.36","35,442.53","302.12M","-0.02%"
"10/20/2021","35,609.34","35,475.16","35,669.69","35,465.71","267.33M","0.43%"
"10/19/2021","35,457.31","35,325.37","35,462.68","35,290.12","281.26M","0.56%"
"10/18/2021","35,258.61","35,221.02","35,327.57","35,035.94","323.09M","-0.10%"
"10/15/2021","35,294.76","35,023.63","35,320.97","35,023.63","327.87M","1.09%"
"10/14/2021","34,912.56","34,443.22","34,923.83","34,443.22","338.54M","1.56%"
"10/13/2021","34,377.81","34,372.71","34,449.83","34,115.10","319.45M","0.00%"
"10/12/2021","34,378.34","34,507.15","34,611.24","34,318.94","322.03M","-0.34%"
"10/11/2021","34,496.06","34,723.79","34,951.35","34,486.51","256.82M","-0.72%"
"10/08/2021","34,746.25","34,757.57","34,842.62","34,661.95","238.08M","-0.03%"
"10/07/2021","34,754.94","34,509.72","34,975.19","34,509.72","277.05M","0.98%"
"10/06/2021","34,416.99","34,198.96","34,432.68","33,854.69","323.37M","0.30%"
"10/05/2021","34,314.67","34,035.25","34,490.95","34,035.25","312.43M","0.92%"
"10/04/2021","34,002.92","34,312.96","34,410.28","33,821.58","400.19M","-0.94%"
"10/01/2021","34,326.46","33,930.70","34,490.56","33,785.54","429.16M","1.43%"
"09/30/2021","33,843.92","34,467.98","34,557.37","33,833.32","356.20M","-1.59%"
"09/29/2021","34,390.72","34,360.08","34,580.42","34,305.96","291.04M","0.26%"
"09/28/2021","34,299.99","34,747.70","34,798.21","34,254.65","380.22M","-1.63%"
"09/27/2021","34,869.37","34,739.27","35,061.12","34,739.27","292.80M","0.21%"
"09/24/2021","34,798.00","34,762.31","34,857.06","34,648.08","256.58M","0.10%"
"09/23/2021","34,764.82","34,296.30","34,879.78","34,296.30","285.87M","1.48%"
"09/22/2021","34,258.32","34,006.87","34,440.42","34,006.87","300.08M","1.00%"
"09/21/2021","33,919.84","34,025.61","34,313.88","33,914.02","307.98M","-0.15%"
"09/20/2021","33,970.47","34,459.72","34,459.72","33,613.03","441.65M","-1.78%"
"09/17/2021","34,584.88","34,737.86","34,779.86","34,519.63","577.97M","-0.48%"
"09/16/2021","34,751.32","34,810.27","34,943.55","34,540.11","279.31M","-0.18%"
"09/15/2021","34,814.39","34,580.95","34,880.77","34,522.03","324.98M","0.68%"
"09/14/2021","34,577.57","34,906.90","34,990.36","34,510.30","329.18M","-0.84%"
"09/13/2021","34,869.63","34,665.50","34,939.10","34,665.50","334.19M","0.76%"
"09/10/2021","34,607.72","34,949.59","35,104.25","34,599.61","333.23M","-0.78%"
"09/09/2021","34,879.38","35,013.08","35,199.89","34,847.30","262.38M","-0.43%"
"09/08/2021","35,031.07","35,087.45","35,175.15","34,925.61","261.88M","-0.20%"
"09/07/2021","35,100.00","35,373.24","35,373.24","35,060.90","290.73M","-0.76%"
"09/03/2021","35,369.09","35,401.73","35,422.71","35,269.40","223.39M","-0.21%"
"09/02/2021","35,443.82","35,353.06","35,475.40","35,348.48","265.18M","0.37%"
"09/01/2021","35,312.53","35,387.55","35,407.37","35,287.05","266.57M","-0.14%"
"08/31/2021","35,360.73","35,391.38","35,449.79","35,289.86","337.24M","-0.11%"
"08/30/2021","35,399.84","35,471.80","35,510.71","35,374.46","246.81M","-0.16%"
"08/27/2021","35,455.80","35,231.11","35,479.18","35,231.11","242.14M","0.69%"
"08/26/2021","35,213.12","35,449.68","35,498.45","35,205.10","239.93M","-0.54%"
"08/25/2021","35,405.50","35,388.77","35,501.14","35,287.63","239.71M","0.11%"
"08/24/2021","35,366.26","35,382.72","35,445.47","35,356.18","230.48M","0.09%"
"08/23/2021","35,335.71","35,160.97","35,428.91","35,160.97","250.96M","0.61%"
"08/20/2021","35,120.08","34,917.96","35,177.26","34,867.07","269.55M","0.65%"
"08/19/2021","34,894.12","34,874.67","34,997.81","34,690.25","335.05M","-0.19%"
"08/18/2021","34,960.69","35,310.20","35,356.80","34,943.41","291.06M","-1.08%"
"08/17/2021","35,343.28","35,500.01","35,500.01","35,120.31","310.15M","-0.79%"
"08/16/2021","35,625.40","35,490.83","35,631.19","35,231.87","294.01M","0.31%"
"08/13/2021","35,515.38","35,551.56","35,610.57","35,474.78","238.68M","0.04%"
"08/12/2021","35,499.85","35,481.94","35,510.77","35,352.53","236.16M","0.04%"
"08/11/2021","35,484.97","35,300.89","35,501.16","35,300.89","233.04M","0.62%"
"08/10/2021","35,264.67","35,135.17","35,285.16","35,091.91","255.24M","0.46%"
"08/09/2021","35,101.85","35,229.67","35,229.67","35,041.24","207.85M","-0.30%"
"08/06/2021","35,208.51","35,077.44","35,246.79","35,077.44","231.57M","0.41%"
"08/05/2021","35,064.25","34,815.61","35,067.54","34,815.61","217.39M","0.78%"
"08/04/2021","34,792.67","35,047.44","35,047.44","34,790.62","245.30M","-0.92%"
"08/03/2021","35,116.40","34,864.10","35,120.94","34,714.33","259.82M","0.80%"
"08/02/2021","34,838.16","34,968.56","35,192.11","34,808.20","244.89M","-0.28%"
"07/30/2021","34,935.47","35,013.26","35,106.30","34,871.13","281.14M","-0.42%"
"07/29/2021","35,084.53","34,985.99","35,171.52","34,985.99","223.67M","0.44%"
"07/28/2021","34,930.93","35,109.95","35,116.37","34,876.84","347.17M","-0.36%"
"07/27/2021","35,058.52","35,078.90","35,078.90","34,878.07","335.25M","-0.24%"
"07/26/2021","35,144.31","35,055.86","35,150.37","34,950.19","264.80M","0.24%"
"07/23/2021","35,061.55","34,855.11","35,095.33","34,855.11","315.06M","0.68%"
"07/22/2021","34,823.35","34,799.68","34,879.28","34,673.03","294.65M","0.07%"
"07/21/2021","34,798.00","34,556.96","34,820.24","34,556.96","327.19M","0.83%"
"07/20/2021","34,511.99","33,981.79","34,621.79","33,981.79","388.08M","1.62%"
"07/19/2021","33,962.04","34,528.48","34,528.48","33,741.76","450.16M","-2.09%"
"07/16/2021","34,687.85","35,007.94","35,090.01","34,647.82","328.98M","-0.86%"
"07/15/2021","34,987.02","34,924.81","34,990.41","34,762.87","320.45M","0.15%"
"07/14/2021","34,933.23","34,920.83","35,069.18","34,826.87","348.66M","0.13%"
"07/13/2021","34,888.79","34,959.96","35,018.79","34,876.89","323.68M","-0.31%"
"07/12/2021","34,996.18","34,836.75","35,014.90","34,730.15","302.28M","0.36%"
"07/09/2021","34,870.16","34,457.51","34,893.72","34,457.51","301.75M","1.30%"
"07/08/2021","34,421.93","34,569.01","34,569.01","34,145.59","335.76M","-0.75%"
"07/07/2021","34,681.79","34,604.17","34,708.78","34,435.59","305.38M","0.30%"
"07/06/2021","34,577.37","34,790.16","34,814.20","34,358.42","348.43M","-0.60%"
"07/02/2021","34,786.35","34,642.42","34,821.93","34,613.49","303.06M","0.44%"
"07/01/2021","34,633.53","34,507.32","34,640.28","34,498.85","269.31M","0.38%"
"06/30/2021","34,502.51","34,290.74","34,553.16","34,245.48","298.63M","0.61%"
"06/29/2021","34,292.29","34,338.89","34,469.83","34,266.83","288.65M","0.03%"
"06/28/2021","34,283.27","34,428.10","34,449.65","34,186.13","281.29M","-0.44%"
"06/25/2021","34,433.84","34,328.10","34,501.02","34,314.80","456.03M","0.69%"
"06/24/2021","34,196.82","33,933.91","34,233.02","33,933.91","279.38M","0.95%"
"06/23/2021","33,874.24","33,948.54","34,009.40","33,869.83","257.05M","-0.21%"
"06/22/2021","33,945.58","33,872.56","34,040.70","33,751.06","285.33M","0.20%"
"06/21/2021","33,876.97","33,312.07","33,908.09","33,312.07","324.44M","1.76%"
"06/18/2021","33,290.08","33,622.70","33,622.70","33,271.93","569.38M","-1.58%"
"06/17/2021","33,823.45","34,014.38","34,091.79","33,626.61","355.92M","-0.62%"
"06/16/2021","34,033.67","34,308.48","34,333.25","33,917.11","348.03M","-0.77%"
"06/15/2021","34,299.33","34,397.10","34,420.38","34,199.16","274.13M","-0.27%"
"06/14/2021","34,393.75","34,472.52","34,472.52","34,211.54","302.55M","-0.25%"
"06/11/2021","34,479.60","34,499.81","34,618.09","34,328.65","262.62M","0.04%"
"06/10/2021","34,466.24","34,502.51","34,737.79","34,447.25","310.88M","0.06%"
"06/09/2021","34,447.14","34,626.16","34,654.67","34,439.37","246.54M","-0.44%"
"06/08/2021","34,599.82","34,645.84","34,665.38","34,452.94","296.09M","-0.09%"
"06/07/2021","34,630.24","34,766.20","34,820.91","34,574.51","259.44M","-0.36%"
"06/04/2021","34,756.39","34,618.69","34,772.12","34,618.69","271.56M","0.52%"
"06/03/2021","34,577.04","34,550.31","34,667.41","34,334.41","299.74M","-0.07%"
"06/02/2021","34,600.38","34,614.62","34,706.65","34,545.96","265.16M","0.07%"
"06/01/2021","34,575.31","34,584.19","34,849.32","34,542.87","294.79M","0.13%"
"05/28/2021","34,529.45","34,558.50","34,631.11","34,520.09","290.85M","0.19%"
"05/27/2021","34,464.64","34,432.47","34,608.82","34,389.24","520.63M","0.41%"
"05/26/2021","34,323.05","34,336.34","34,409.59","34,271.44","259.81M","0.03%"
"05/25/2021","34,312.46","34,428.66","34,511.35","34,266.03","289.95M","-0.24%"
"05/24/2021","34,393.98","34,253.87","34,472.51","34,253.87","251.81M","0.54%"
"05/21/2021","34,207.84","34,121.91","34,415.48","34,121.91","308.84M","0.36%"
"05/20/2021","34,084.15","33,906.30","34,233.40","33,872.41","324.40M","0.55%"
"05/19/2021","33,896.04","33,945.81","33,945.81","33,473.80","354.00M","-0.48%"
"05/18/2021","34,060.66","34,351.18","34,408.99","34,044.10","301.78M","-0.78%"
"05/17/2021","34,327.79","34,375.29","34,383.84","34,176.65","293.36M","-0.16%"
"05/14/2021","34,382.13","34,050.86","34,454.05","34,050.86","307.38M","1.06%"
"05/13/2021","34,021.45","33,624.74","34,181.77","33,623.49","352.81M","1.29%"
"05/12/2021","33,587.66","34,206.40","34,207.87","33,555.22","383.58M","-1.99%"
"05/11/2021","34,269.16","34,572.74","34,572.74","34,075.31","413.18M","-1.36%"
"05/10/2021","34,742.82","34,785.27","35,091.56","34,741.57","370.04M","-0.10%"
"05/07/2021","34,777.76","34,578.27","34,811.39","34,464.31","311.63M","0.66%"
"05/06/2021","34,548.53","34,245.11","34,561.29","34,185.06","317.12M","0.93%"
"05/05/2021","34,230.34","34,163.99","34,331.20","34,039.66","255.81M","0.29%"
"05/04/2021","34,133.03","34,080.20","34,147.78","33,765.68","410.17M","0.06%"
"05/03/2021","34,113.23","33,904.89","34,221.06","33,904.89","291.34M","0.70%"
"04/30/2021","33,874.85","33,988.75","33,988.75","33,784.96","376.11M","-0.54%"
"04/29/2021","34,060.36","33,855.64","34,087.21","33,744.28","409.60M","0.71%"
"04/28/2021","33,820.38","33,860.46","33,946.60","33,805.56","353.02M","-0.48%"
"04/27/2021","33,984.93","33,932.13","34,043.98","33,870.46","294.95M","0.01%"
"04/26/2021","33,981.57","34,044.23","34,148.94","33,941.37","285.41M","-0.18%"
"04/23/2021","34,043.49","33,804.52","34,157.57","33,713.29","349.67M","0.67%"
"04/22/2021","33,815.90","34,109.88","34,126.57","33,717.19","346.58M","-0.94%"
"04/21/2021","34,137.31","33,808.30","34,160.34","33,773.80","293.51M","0.93%"
"04/20/2021","33,821.30","34,034.18","34,034.18","33,687.01","354.20M","-0.75%"
"04/19/2021","34,077.63","34,182.38","34,182.38","33,980.56","315.62M","-0.36%"
"04/16/2021","34,200.67","34,058.16","34,256.75","34,058.16","348.18M","0.48%"
"04/15/2021","34,035.99","33,788.53","34,068.73","33,788.53","321.83M","0.90%"
"04/14/2021","33,730.89","33,668.95","33,911.25","33,668.95","318.67M","0.16%"
"04/13/2021","33,677.27","33,721.16","33,741.64","33,545.84","330.00M","-0.20%"
"04/12/2021","33,745.40","33,775.06","33,786.19","33,665.54","329.02M","-0.16%"
"04/09/2021","33,800.60","33,526.19","33,810.87","33,526.19","317.82M","0.89%"
"04/08/2021","33,503.57","33,469.89","33,506.80","33,342.64","306.19M","0.17%"
"04/07/2021","33,446.26","33,444.98","33,521.76","33,347.96","279.88M","0.05%"
"04/06/2021","33,430.24","33,500.02","33,544.79","33,380.43","298.31M","-0.29%"
"04/05/2021","33,527.19","33,222.38","33,617.95","33,222.38","345.15M","1.13%"
"04/01/2021","33,153.21","33,054.58","33,167.17","32,985.35","318.34M","0.52%"
"03/31/2021","32,981.55","33,116.04","33,173.77","32,980.57","418.64M","-0.26%"
"03/30/2021","33,066.96","33,127.88","33,170.93","32,988.92","309.57M","-0.31%"
"03/29/2021","33,171.37","33,087.55","33,259.00","32,905.13","351.61M","0.30%"
"03/26/2021","33,072.88","32,681.07","33,098.83","32,681.07","383.45M","1.39%"
"03/25/2021","32,619.48","32,346.81","32,672.69","32,071.41","413.49M","0.62%"
"03/24/2021","32,420.06","32,470.88","32,787.99","32,418.15","405.06M","-0.01%"
"03/23/2021","32,423.15","32,691.50","32,753.77","32,356.28","388.13M","-0.94%"
"03/22/2021","32,731.20","32,601.82","32,810.35","32,512.53","384.32M","0.32%"
"03/19/2021","32,627.97","32,858.36","32,858.36","32,505.07","847.02M","-0.71%"
"03/18/2021","32,862.30","32,928.16","33,227.78","32,831.25","421.02M","-0.46%"
"03/17/2021","33,015.37","32,825.52","33,047.58","32,782.18","391.81M","0.58%"
"03/16/2021","32,825.95","32,966.75","32,966.75","32,778.23","387.91M","-0.39%"
"03/15/2021","32,953.46","32,798.84","32,973.40","32,629.75","362.08M","0.53%"
"03/12/2021","32,778.64","32,462.40","32,793.32","32,462.40","348.29M","0.90%"
"03/11/2021","32,485.59","32,354.50","32,661.59","32,345.70","402.40M","0.58%"
"03/10/2021","32,297.02","31,906.96","32,389.50","31,906.96","410.23M","1.46%"
"03/09/2021","31,832.74","31,892.35","32,150.32","31,822.64","463.74M","0.10%"
"03/08/2021","31,802.44","31,512.15","32,148.04","31,512.15","499.58M","0.97%"
"03/05/2021","31,496.30","31,029.18","31,580.33","30,766.81","505.35M","1.85%"
"03/04/2021","30,924.14","31,289.01","31,461.97","30,547.53","551.23M","-1.11%"
"03/03/2021","31,270.09","31,352.96","31,563.31","31,260.14","411.61M","-0.39%"
"03/02/2021","31,391.52","31,535.37","31,623.27","31,377.16","341.28M","-0.46%"
"03/01/2021","31,535.51","31,065.90","31,668.34","31,065.90","387.58M","1.95%"
"02/26/2021","30,932.37","31,401.29","31,450.89","30,911.37","538.91M","-1.50%"
"02/25/2021","31,402.01","31,955.94","31,984.77","31,293.32","458.96M","-1.75%"
"02/24/2021","31,961.86","31,499.75","32,009.64","31,421.29","413.35M","1.35%"
"02/23/2021","31,537.35","31,501.89","31,653.38","31,158.76","461.92M","0.05%"
"02/22/2021","31,521.69","31,381.12","31,653.48","31,286.57","389.68M","0.09%"
"02/19/2021","31,494.32","31,504.13","31,647.53","31,469.34","353.07M","0.00%"
"02/18/2021","31,493.34","31,558.60","31,558.60","31,285.32","325.99M","-0.38%"
"02/17/2021","31,613.02","31,485.61","31,643.70","31,338.76","345.86M","0.29%"
"02/16/2021","31,522.75","31,472.08","31,608.63","31,443.48","336.99M","0.20%"
"02/12/2021","31,458.40","31,420.80","31,475.31","31,347.80","266.37M","0.09%"
"02/11/2021","31,430.70","31,466.49","31,543.82","31,244.36","284.68M","-0.02%"
"02/10/2021","31,437.80","31,428.02","31,511.44","31,221.32","328.39M","0.20%"
"02/09/2021","31,375.83","31,359.88","31,439.47","31,245.86","310.14M","-0.03%"
"02/08/2021","31,385.76","31,191.20","31,386.10","31,191.20","328.41M","0.76%"
"02/05/2021","31,148.24","31,093.81","31,252.18","31,083.22","295.00M","0.30%"
"02/04/2021","31,055.86","30,737.78","31,065.96","30,737.78","341.49M","1.08%"
"02/03/2021","30,723.60","30,689.65","30,793.41","30,521.31","307.31M","0.12%"
"02/02/2021","30,687.48","30,276.88","30,840.54","30,276.88","338.17M","1.57%"
"02/01/2021","30,211.91","30,054.73","30,335.91","30,014.97","350.24M","0.76%"
"01/29/2021","29,982.62","30,553.91","30,553.91","29,856.30","538.04M","-2.03%"
"01/28/2021","30,603.36","30,377.19","30,951.41","30,377.19","467.34M","0.99%"
"01/27/2021","30,303.17","30,893.78","30,893.78","30,206.91","566.47M","-2.05%"
"01/26/2021","30,937.04","30,968.55","31,121.42","30,921.71","381.87M","-0.07%"
"01/25/2021","30,960.00","30,989.85","30,989.85","30,564.06","477.35M","-0.12%"
"01/22/2021","30,996.98","31,141.56","31,141.56","30,908.47","436.04M","-0.57%"
"01/21/2021","31,176.01","31,198.01","31,272.22","31,120.92","423.15M","-0.04%"
"01/20/2021","31,188.38","31,017.54","31,235.98","30,997.79","384.98M","0.83%"
"01/19/2021","30,930.52","30,887.42","31,086.62","30,865.03","387.75M","0.38%"
"01/15/2021","30,814.26","30,926.77","30,941.98","30,612.67","440.02M","-0.57%"
"01/14/2021","30,991.52","31,085.67","31,223.78","30,982.24","429.70M","-0.22%"
"01/13/2021","31,060.47","31,084.88","31,153.37","30,992.05","415.14M","-0.03%"
"01/12/2021","31,068.69","31,015.01","31,114.56","30,888.76","362.87M","0.19%"
"01/11/2021","31,008.69","31,015.37","31,096.98","30,832.06","363.79M","-0.29%"
"01/08/2021","31,097.97","31,069.58","31,140.67","30,793.27","385.65M","0.18%"
"01/07/2021","31,041.13","30,901.18","31,193.40","30,897.86","430.62M","0.69%"
"01/06/2021","30,829.40","30,362.78","31,022.65","30,313.07","500.43M","1.44%"
"01/05/2021","30,391.60","30,204.25","30,504.89","30,141.78","350.91M","0.55%"
"01/04/2021","30,223.89","30,627.47","30,674.28","29,881.82","476.73M","-1.25%"
"12/31/2020","30,606.48","30,417.64","30,637.47","30,344.50","287.06M","0.65%"
"12/30/2020","30,409.56","30,415.09","30,525.35","30,393.04","296.14M","0.24%"
"12/29/2020","30,335.67","30,492.07","30,588.79","30,274.24","358.87M","-0.22%"
"12/28/2020","30,403.97","30,283.23","30,525.56","30,283.23","303.08M","0.68%"
"12/24/2020","30,199.87","30,155.92","30,209.67","30,099.30","146.44M","0.23%"
"12/23/2020","30,129.83","30,046.73","30,292.53","30,046.73","275.38M","0.38%"
"12/22/2020","30,015.51","30,200.20","30,200.20","29,992.89","392.52M","-0.67%"
"12/21/2020","30,216.45","30,159.00","30,304.14","29,755.53","445.69M","0.12%"
"12/18/2020","30,179.05","30,314.26","30,343.59","30,029.44","798.23M","-0.41%"
"12/17/2020","30,303.37","30,216.00","30,323.78","30,216.00","345.53M","0.49%"
"12/16/2020","30,154.54","30,191.38","30,236.03","30,080.11","349.54M","-0.15%"
"12/15/2020","30,199.31","29,919.09","30,243.26","29,894.95","419.48M","1.13%"
"12/14/2020","29,861.55","30,123.91","30,325.79","29,849.15","371.98M","-0.62%"
"12/11/2020","30,046.37","29,988.21","30,071.13","29,820.84","396.01M","0.16%"
"12/10/2020","29,999.26","30,032.55","30,063.87","29,876.82","326.93M","-0.23%"
"12/09/2020","30,068.81","30,229.81","30,319.70","29,951.85","383.74M","-0.35%"
"12/08/2020","30,173.88","29,997.95","30,246.22","29,972.07","314.83M","0.35%"
"12/07/2020","30,069.79","30,233.03","30,233.03","29,967.22","370.58M","-0.49%"
"12/04/2020","30,218.26","29,989.56","30,218.26","29,989.56","363.09M","0.83%"
"12/03/2020","29,969.52","29,920.83","30,110.88","29,877.27","408.41M","0.29%"
"12/02/2020","29,883.79","29,695.09","29,902.51","29,599.29","389.33M","0.20%"
"12/01/2020","29,823.92","29,797.50","30,083.31","29,797.50","435.44M","0.63%"
"11/30/2020","29,638.64","29,854.51","29,854.51","29,463.64","561.21M","-0.91%"
"11/27/2020","29,910.37","29,911.33","30,015.13","29,819.98","178.10M","0.13%"
"11/25/2020","29,872.47","30,058.87","30,058.87","29,806.25","324.19M","-0.58%"
"11/24/2020","30,046.24","29,746.11","30,116.51","29,746.11","436.45M","1.54%"
"11/23/2020","29,591.27","29,332.82","29,667.75","29,332.82","389.02M","1.12%"
"11/20/2020","29,263.48","29,437.57","29,469.89","29,231.20","308.74M","-0.75%"
"11/19/2020","29,483.23","29,370.92","29,524.90","29,228.38","333.16M","0.15%"
"11/18/2020","29,438.42","29,875.40","29,930.85","29,432.84","384.89M","-1.16%"
"11/17/2020","29,783.35","29,800.15","29,872.42","29,520.29","376.14M","-0.56%"
"11/16/2020","29,950.44","29,672.36","29,964.29","29,672.36","420.76M","1.60%"
"11/13/2020","29,479.81","29,203.90","29,559.25","29,203.90","348.81M","1.37%"
"11/12/2020","29,080.17","29,231.91","29,311.83","28,902.13","372.87M","-1.08%"
"11/11/2020","29,397.63","29,524.35","29,593.11","29,281.22","376.70M","-0.08%"
"11/10/2020","29,420.92","29,254.17","29,478.86","29,126.99","526.98M","0.90%"
"11/09/2020","29,157.97","29,467.90","29,933.83","29,130.66","680.57M","2.95%"
"11/06/2020","28,323.40","28,399.13","28,431.96","28,189.50","328.58M","-0.24%"
"11/05/2020","28,390.18","28,083.37","28,495.05","28,083.37","391.73M","1.95%"
"11/04/2020","27,847.66","27,512.83","28,301.50","27,512.83","449.89M","1.34%"
"11/03/2020","27,480.03","27,138.69","27,640.21","27,138.69","353.35M","2.06%"
"11/02/2020","26,925.05","26,691.28","27,043.48","26,691.28","382.27M","1.60%"
"10/30/2020","26,501.60","26,572.27","26,639.18","26,143.77","506.32M","-0.59%"
"10/29/2020","26,659.11","26,480.98","26,891.89","26,290.78","434.01M","0.52%"
"10/28/2020","26,519.95","27,102.14","27,102.14","26,497.39","499.63M","-3.43%"
"10/27/2020","27,463.19","27,651.18","27,707.69","27,457.96","372.48M","-0.80%"
"10/26/2020","27,685.38","28,185.82","28,185.82","27,370.16","407.04M","-2.29%"
"10/23/2020","28,335.57","28,409.65","28,436.52","28,149.82","350.10M","-0.10%"
"10/22/2020","28,363.66","28,197.42","28,421.31","28,040.18","334.39M","0.54%"
"10/21/2020","28,210.82","28,270.66","28,450.64","28,196.39","301.11M","-0.35%"
"10/20/2020","28,308.79","28,245.85","28,575.03","28,243.04","351.45M","0.40%"
"10/19/2020","28,195.42","28,633.55","28,711.93","28,139.40","360.92M","-1.44%"
"10/16/2020","28,606.31","28,570.72","28,842.90","28,570.72","358.95M","0.39%"
"10/15/2020","28,494.20","28,323.40","28,535.85","28,181.54","330.13M","-0.07%"
"10/14/2020","28,514.00","28,731.30","28,792.56","28,461.73","372.48M","-0.58%"
"10/13/2020","28,679.81","28,764.95","28,808.84","28,604.35","528.27M","-0.55%"
"10/12/2020","28,837.52","28,671.12","28,957.90","28,659.67","493.68M","0.88%"
"10/09/2020","28,586.90","28,533.61","28,676.29","28,440.63","326.48M","0.57%"
"10/08/2020","28,425.51","28,348.86","28,459.13","28,265.56","315.83M","0.43%"
"10/07/2020","28,303.46","27,971.36","28,369.66","27,971.36","330.19M","1.91%"
"10/06/2020","27,772.76","28,214.24","28,354.48","27,728.03","438.44M","-1.34%"
"10/05/2020","28,148.64","27,825.42","28,162.64","27,825.42","322.53M","1.68%"
"10/02/2020","27,682.81","27,536.39","27,861.43","27,382.94","395.82M","-0.48%"
"10/01/2020","27,816.90","27,940.63","28,041.46","27,669.26","375.65M","0.13%"
"09/30/2020","27,781.70","27,514.64","28,026.33","27,511.06","455.15M","1.20%"
"09/29/2020","27,452.66","27,560.24","27,605.60","27,338.09","306.70M","-0.48%"
"09/28/2020","27,584.06","27,362.14","27,722.60","27,362.14","405.06M","1.51%"
"09/25/2020","27,173.96","26,694.51","27,239.29","26,635.38","391.73M","1.34%"
"09/24/2020","26,815.44","26,716.09","27,094.85","26,537.01","448.78M","0.20%"
"09/23/2020","26,763.13","27,413.60","27,464.46","26,716.12","463.20M","-1.92%"
"09/22/2020","27,288.18","27,170.34","27,333.09","26,989.93","423.33M","0.52%"
"09/21/2020","27,147.70","27,484.71","27,484.71","26,715.15","523.66M","-1.84%"
"09/18/2020","27,657.42","27,864.87","27,946.69","27,487.97","703.89M","-0.88%"
"09/17/2020","27,901.98","27,834.18","28,056.79","27,647.93","439.89M","-0.47%"
"09/16/2020","28,032.38","28,031.69","28,364.77","28,021.67","416.65M","0.13%"
"09/15/2020","27,995.60","28,139.76","28,231.06","27,931.45","418.89M","0.01%"
"09/14/2020","27,993.33","27,718.74","28,086.06","27,718.74","384.09M","1.18%"
"09/11/2020","27,665.64","27,613.86","27,828.82","27,448.15","437.53M","0.48%"
"09/10/2020","27,534.58","28,022.51","28,174.78","27,447.08","447.59M","-1.45%"
"09/09/2020","27,940.47","27,711.71","28,206.21","27,704.54","467.06M","1.60%"
"09/08/2020","27,500.89","27,925.23","27,925.23","27,464.90","587.16M","-2.25%"
"09/04/2020","28,133.31","28,341.05","28,539.75","27,664.68","700.49M","-0.56%"
"09/03/2020","28,292.73","29,090.70","29,199.35","28,074.76","658.29M","-2.78%"
"09/02/2020","29,100.50","28,736.79","29,162.88","28,713.53","542.54M","1.59%"
"09/01/2020","28,645.66","28,439.61","28,659.26","28,290.72","428.66M","0.76%"
"08/31/2020","28,430.05","28,643.66","28,643.66","28,363.55","519.82M","-0.78%"
"08/28/2020","28,653.87","28,601.29","28,733.35","28,487.98","373.80M","0.57%"
"08/27/2020","28,492.27","28,384.07","28,634.22","28,363.93","405.09M","0.57%"
"08/26/2020","28,331.92","28,257.88","28,353.80","28,153.91","328.80M","0.30%"
"08/25/2020","28,248.44","28,347.42","28,400.74","28,094.57","341.13M","-0.21%"
"08/24/2020","28,308.46","28,077.58","28,314.94","28,041.75","385.44M","1.35%"
"08/21/2020","27,930.33","27,758.13","27,959.48","27,686.78","374.34M","0.69%"
"08/20/2020","27,739.73","27,622.68","27,781.46","27,526.25","306.05M","0.17%"
"08/19/2020","27,692.88","27,811.26","27,920.42","27,647.67","312.95M","-0.31%"
"08/18/2020","27,778.07","27,853.48","27,891.12","27,668.79","277.12M","-0.24%"
"08/17/2020","27,844.91","27,970.05","27,999.81","27,816.40","291.99M","-0.31%"
"08/14/2020","27,931.02","27,828.93","27,977.81","27,759.39","276.73M","0.12%"
"08/13/2020","27,896.72","27,922.51","27,986.10","27,789.78","364.41M","-0.29%"
"08/12/2020","27,976.84","27,860.24","28,043.89","27,843.32","342.07M","1.05%"
"08/11/2020","27,686.91","27,961.64","28,154.88","27,624.51","430.09M","-0.38%"
"08/10/2020","27,791.44","27,488.21","27,803.86","27,488.21","362.50M","1.30%"
"08/07/2020","27,433.48","27,321.68","27,456.24","27,223.55","324.93M","0.17%"
"08/06/2020","27,386.98","27,170.82","27,394.10","27,145.25","323.72M","0.68%"
"08/05/2020","27,201.52","26,924.78","27,221.67","26,924.78","369.98M","1.39%"
"08/04/2020","26,828.47","26,664.61","26,832.72","26,597.82","355.46M","0.62%"
"08/03/2020","26,664.40","26,542.32","26,707.26","26,534.38","439.38M","0.89%"
"07/31/2020","26,428.32","26,409.33","26,440.02","26,013.59","491.37M","0.44%"
"07/30/2020","26,313.65","26,367.42","26,374.93","25,992.28","358.29M","-0.85%"
"07/29/2020","26,539.57","26,388.44","26,602.45","26,375.39","347.58M","0.61%"
"07/28/2020","26,379.28","26,529.45","26,556.84","26,361.71","362.40M","-0.77%"
"07/27/2020","26,584.77","26,447.67","26,625.46","26,426.92","400.93M","0.43%"
"07/24/2020","26,469.89","26,533.41","26,625.70","26,402.86","497.97M","-0.68%"
"07/23/2020","26,652.33","26,955.97","26,973.85","26,560.04","426.56M","-1.31%"
"07/22/2020","27,005.84","26,824.56","27,035.24","26,794.19","410.82M","0.62%"
"07/21/2020","26,840.40","26,833.14","27,025.38","26,766.22","367.24M","0.60%"
"07/20/2020","26,680.87","26,660.29","26,765.02","26,504.20","312.07M","0.03%"
"07/17/2020","26,671.95","26,774.62","26,808.43","26,619.88","300.52M","-0.23%"
"07/16/2020","26,734.71","26,746.57","26,879.16","26,590.01","288.04M","-0.50%"
"07/15/2020","26,870.10","27,009.81","27,071.33","26,692.48","388.26M","0.85%"
"07/14/2020","26,642.59","26,044.17","26,690.52","25,994.98","407.34M","2.13%"
"07/13/2020","26,085.80","26,225.07","26,639.09","26,044.23","428.57M","0.04%"
"07/10/2020","26,075.30","25,690.35","26,101.32","25,637.50","337.36M","1.44%"
"07/09/2020","25,706.09","26,094.92","26,103.28","25,523.51","389.18M","-1.39%"
"07/08/2020","26,067.28","25,950.06","26,109.49","25,816.25","337.30M","0.68%"
"07/07/2020","25,890.18","26,172.01","26,174.93","25,866.58","349.00M","-1.51%"
"07/06/2020","26,287.03","25,996.08","26,297.53","25,996.08","342.26M","1.78%"
"07/02/2020","25,827.36","25,936.45","26,204.41","25,778.12","350.29M","0.36%"
"07/01/2020","25,734.97","25,879.38","26,019.31","25,713.61","373.98M","-0.30%"
"06/30/2020","25,812.88","25,512.43","25,905.38","25,475.14","412.69M","0.85%"
"06/29/2020","25,595.80","25,152.45","25,601.15","25,096.16","385.13M","2.32%"
"06/26/2020","25,015.55","25,641.69","25,641.69","24,971.03","676.18M","-2.84%"
"06/25/2020","25,745.60","25,365.22","25,769.61","25,209.79","388.07M","1.18%"
"06/24/2020","25,445.94","25,992.96","25,992.96","25,296.73","452.53M","-2.72%"
"06/23/2020","26,156.10","26,159.39","26,314.97","26,105.97","392.16M","0.50%"
"06/22/2020","26,024.96","25,865.08","26,059.81","25,667.68","353.01M","0.59%"
"06/19/2020","25,871.46","26,213.10","26,451.44","25,759.66","681.89M","-0.80%"
"06/18/2020","26,080.10","26,016.45","26,154.20","25,848.53","330.07M","-0.15%"
"06/17/2020","26,119.61","26,330.52","26,400.07","26,068.41","330.57M","-0.65%"
"06/16/2020","26,289.98","26,326.68","26,611.03","25,811.70","493.36M","2.04%"
"06/15/2020","25,763.16","25,270.39","25,891.58","24,843.18","463.13M","0.62%"
"06/12/2020","25,605.54","25,659.42","25,965.55","25,078.41","521.19M","1.90%"
"06/11/2020","25,128.17","26,282.51","26,294.08","25,082.72","651.47M","-6.90%"
"06/10/2020","26,989.99","27,251.89","27,355.22","26,938.05","449.99M","-1.04%"
"06/09/2020","27,272.30","27,447.37","27,447.37","27,151.06","388.25M","-1.09%"
"06/08/2020","27,572.44","27,232.93","27,580.21","27,232.48","433.34M","1.70%"
"06/05/2020","27,110.98","26,836.80","27,338.30","26,836.80","544.41M","3.15%"
"06/04/2020","26,281.82","26,226.49","26,384.10","26,082.31","375.55M","0.05%"
"06/03/2020","26,269.89","25,906.88","26,337.75","25,906.88","401.27M","2.05%"
"06/02/2020","25,742.65","25,582.52","25,743.13","25,523.74","355.24M","1.05%"
"06/01/2020","25,475.02","25,342.99","25,508.83","25,220.66","341.22M","0.36%"
"05/29/2020","25,383.11","25,324.15","25,482.80","25,031.67","545.14M","-0.07%"
"05/28/2020","25,400.64","25,697.36","25,758.79","25,358.73","378.40M","-0.58%"
"05/27/2020","25,548.27","25,298.63","25,551.56","25,009.87","420.36M","2.21%"
"05/26/2020","24,995.11","24,781.84","25,176.42","24,781.84","426.29M","2.17%"
"05/22/2020","24,465.16","24,461.98","24,481.64","24,294.07","255.66M","-0.04%"
"05/21/2020","24,474.12","24,564.27","24,718.46","24,370.88","348.84M","-0.41%"
"05/20/2020","24,575.90","24,455.94","24,649.48","24,455.94","371.93M","1.52%"
"05/19/2020","24,206.86","24,577.48","24,599.50","24,202.96","376.92M","-1.59%"
"05/18/2020","24,597.37","24,059.98","24,708.54","24,059.98","484.19M","3.85%"
"05/15/2020","23,685.42","23,454.83","23,730.08","23,354.15","495.18M","0.25%"
"05/14/2020","23,625.34","23,049.06","23,630.86","22,789.62","476.98M","1.62%"
"05/13/2020","23,247.97","23,702.16","23,708.90","23,067.64","473.32M","-2.17%"
"05/12/2020","23,764.78","24,292.84","24,382.09","23,761.58","361.56M","-1.89%"
"05/11/2020","24,221.99","24,256.45","24,366.21","24,070.22","356.51M","-0.45%"
"05/08/2020","24,331.32","24,107.82","24,349.90","24,107.05","337.34M","1.91%"
"05/07/2020","23,875.89","23,837.21","24,094.62","23,834.39","371.68M","0.89%"
"05/06/2020","23,664.64","23,978.88","24,054.59","23,661.14","379.91M","-0.91%"
"05/05/2020","23,883.09","23,958.88","24,169.72","23,868.91","374.49M","0.56%"
"05/04/2020","23,749.76","23,581.55","23,769.56","23,361.16","358.39M","0.11%"
"05/01/2020","23,723.69","24,120.78","24,120.78","23,645.30","421.59M","-2.55%"
"04/30/2020","24,345.72","24,585.57","24,585.57","24,186.90","487.84M","-1.17%"
"04/29/2020","24,633.86","24,490.37","24,764.77","24,453.99","462.48M","2.21%"
"04/28/2020","24,101.55","24,357.17","24,512.24","24,031.20","405.71M","-0.13%"
"04/27/2020","24,133.78","23,866.15","24,207.65","23,840.61","391.02M","1.51%"
"04/24/2020","23,775.27","23,628.24","23,826.00","23,417.68","379.31M","1.11%"
"04/23/2020","23,515.26","23,543.09","23,885.36","23,483.35","393.57M","0.17%"
"04/22/2020","23,475.82","23,437.34","23,613.10","23,339.60","356.39M","1.99%"
"04/21/2020","23,018.88","23,365.25","23,365.25","22,941.88","487.65M","-2.67%"
"04/20/2020","23,650.44","24,095.10","24,108.69","23,627.19","427.35M","-2.44%"
"04/17/2020","24,242.49","23,817.15","24,264.21","23,817.15","530.28M","2.99%"
"04/16/2020","23,537.68","23,543.66","23,598.08","23,211.38","478.62M","0.14%"
"04/15/2020","23,504.35","23,600.72","23,649.72","23,233.32","442.15M","-1.86%"
"04/14/2020","23,949.76","23,690.57","24,040.58","23,683.44","487.96M","2.39%"
"04/13/2020","23,390.77","23,698.93","23,698.93","23,095.35","396.56M","-1.39%"
"04/09/2020","23,719.37","23,690.66","24,008.99","23,504.09","568.72M","1.22%"
"04/08/2020","23,433.57","22,893.47","23,513.40","22,682.99","476.09M","3.44%"
"04/07/2020","22,653.86","23,537.44","23,617.24","22,634.45","595.87M","-0.12%"
"04/06/2020","22,679.99","21,693.63","22,783.45","21,693.63","614.20M","7.73%"
"04/03/2020","21,052.53","21,285.93","21,447.81","20,863.09","451.62M","-1.69%"
"04/02/2020","21,413.44","20,819.46","21,477.77","20,735.02","534.67M","2.24%"
"04/01/2020","20,943.51","21,227.38","21,487.24","20,784.43","508.31M","-4.44%"
"03/31/2020","21,917.16","22,208.42","22,480.37","21,852.08","573.59M","-1.84%"
"03/30/2020","22,327.48","21,678.22","22,378.09","21,522.08","546.85M","3.19%"
"03/27/2020","21,636.78","21,898.47","22,327.57","21,469.27","591.33M","-4.06%"
"03/26/2020","22,552.17","21,468.38","22,595.06","21,427.10","713.73M","6.38%"
"03/25/2020","21,200.55","21,050.34","22,019.93","20,538.34","803.31M","2.39%"
"03/24/2020","20,704.91","19,722.19","20,737.70","19,649.25","808.47M","11.37%"
"03/23/2020","18,591.93","19,028.36","19,121.01","18,213.65","801.24M","-3.04%"
"03/20/2020","19,173.98","20,253.15","20,531.26","19,094.27","872.29M","-4.55%"
"03/19/2020","20,087.19","19,830.01","20,442.63","19,177.13","795.80M","0.95%"
"03/18/2020","19,898.92","20,188.69","20,489.33","18,917.46","874.09M","-6.30%"
"03/17/2020","21,237.38","20,487.05","21,379.35","19,882.26","795.84M","5.20%"
"03/16/2020","20,188.52","20,917.53","21,768.28","20,116.46","775.91M","-12.93%"
"03/13/2020","23,185.62","21,973.82","23,189.76","21,285.37","843.08M","9.36%"
"03/12/2020","21,200.62","22,184.71","22,837.95","21,154.46","911.77M","-9.99%"
"03/11/2020","23,553.22","24,604.63","24,604.63","23,328.32","663.96M","-5.86%"
"03/10/2020","25,018.16","24,453.00","25,020.99","23,690.34","654.86M","4.89%"
"03/09/2020","23,851.02","24,992.36","24,992.36","23,706.07","750.43M","-7.79%"
"03/06/2020","25,864.78","25,457.21","25,994.38","25,226.62","601.01M","-0.98%"
"03/05/2020","26,121.28","26,671.92","26,671.92","25,943.33","477.37M","-3.58%"
"03/04/2020","27,090.86","26,383.68","27,102.34","26,286.31","457.59M","4.53%"
"03/03/2020","25,917.41","26,762.47","27,084.59","25,706.28","647.08M","-2.94%"
"03/02/2020","26,703.32","25,590.51","26,706.17","25,391.96","637.20M","5.09%"
"02/28/2020","25,409.36","25,270.83","25,494.24","24,681.01","922.68M","-1.39%"
"02/27/2020","25,766.64","26,526.00","26,775.31","25,752.82","670.37M","-4.42%"
"02/26/2020","26,957.59","27,159.46","27,542.78","26,890.97","477.57M","-0.46%"
"02/25/2020","27,081.36","28,037.65","28,149.20","26,997.62","513.27M","-3.15%"
"02/24/2020","27,960.80","28,402.93","28,402.93","27,912.44","458.71M","-3.56%"
"02/21/2020","28,992.41","29,146.53","29,146.53","28,892.70","313.44M","-0.78%"
"02/20/2020","29,219.98","29,296.25","29,368.45","28,959.65","289.07M","-0.44%"
"02/19/2020","29,348.03","29,312.70","29,409.09","29,274.38","242.65M","0.40%"
"02/18/2020","29,232.19","29,282.78","29,330.16","29,116.81","264.16M","-0.56%"
"02/14/2020","29,398.08","29,440.47","29,463.04","29,283.18","232.55M","-0.09%"
"02/13/2020","29,423.31","29,436.03","29,535.40","29,345.93","294.36M","-0.43%"
"02/12/2020","29,551.42","29,406.75","29,568.57","29,406.75","309.53M","0.94%"
"02/11/2020","29,276.34","29,390.71","29,415.39","29,210.47","281.85M","0.00%"
"02/10/2020","29,276.82","28,995.66","29,278.07","28,995.66","257.46M","0.60%"
"02/07/2020","29,102.51","29,286.92","29,286.92","29,056.98","253.87M","-0.94%"
"02/06/2020","29,379.77","29,388.58","29,408.05","29,246.93","263.70M","0.30%"
"02/05/2020","29,290.85","29,048.73","29,308.89","29,000.85","357.54M","1.68%"
"02/04/2020","28,807.63","28,696.74","28,904.88","28,696.74","332.75M","1.44%"
"02/03/2020","28,399.81","28,319.65","28,630.39","28,319.65","315.50M","0.51%"
"01/31/2020","28,256.03","28,813.04","28,813.04","28,169.53","403.89M","-2.09%"
"01/30/2020","28,859.44","28,640.16","28,879.71","28,489.76","326.85M","0.43%"
"01/29/2020","28,734.45","28,820.53","28,944.24","28,728.19","305.93M","0.04%"
"01/28/2020","28,722.85","28,594.28","28,823.23","28,575.75","352.94M","0.66%"
"01/27/2020","28,535.80","28,542.49","28,671.79","28,440.47","337.27M","-1.57%"
"01/24/2020","28,989.73","29,230.39","29,288.79","28,843.31","380.01M","-0.58%"
"01/23/2020","29,160.09","29,111.02","29,190.47","28,966.98","307.06M","-0.09%"
"01/22/2020","29,186.27","29,263.63","29,320.20","29,172.26","283.44M","-0.03%"